{"cameraMode":{"drawMode":0,"name":"Shaded","section":"Shading Mode"},"sceneLighting":true,"audioPlay":false,"sceneViewState":{"showFog":true,"showMaterialUpdate":false,"showSkybox":true,"showFlares":true,"showImageEffects":true,"showParticleSystems":true},"in2DMode":false,"pivot":{"x":3.013949394226074,"y":2.4947752952575685,"z":-2.9203078746795656},"rotation":{"x":-0.002701111836358905,"y":0.4352322518825531,"z":0.0013054243754595519,"w":0.9003190994262695},"size":4.23639440536499,"orthographic":true}