{"cameraMode":{"drawMode":0,"name":"Shaded","section":"Shading Mode"},"sceneLighting":false,"audioPlay":false,"sceneViewState":{"showFog":true,"showMaterialUpdate":false,"showSkybox":false,"showFlares":true,"showImageEffects":true,"showParticleSystems":true},"in2DMode":false,"pivot":{"x":1.2155041694641114,"y":0.7125162482261658,"z":0.44536399841308596},"rotation":{"x":0.03257668763399124,"y":0.9343271851539612,"z":-0.0885578989982605,"w":0.343705952167511},"size":6.466733932495117,"orthographic":true}